,Year,Region,Seed,Team Name,Location,Oppenent Seed,Opponent
0,2017,midwest,1,Kansas,"Tulsa, OK",16,UC-Davis
1,2017,midwest,8,Miami (FL),"Tulsa, OK",9,Michigan State
2,2017,midwest,5,Iowa State,"Milwaukee, WI",12,Nevada
3,2017,midwest,4,Purdue,"Milwaukee, WI",13,Vermont
4,2017,midwest,6,Creighton,"Sacramento, CA",11,Rhode Island
5,2017,midwest,3,Oregon,"Sacramento, CA",14,Iona
6,2017,midwest,7,Michigan,"Indianapolis, IN",10,Oklahoma State
7,2017,midwest,2,Louisville,"Indianapolis, IN",15,Jacksonville State
8,2017,west,1,Gonzaga,"Salt Lake City, UT",16,South Dakota State
9,2017,west,8,Northwestern,"Salt Lake City, UT",9,Vanderbilt
10,2017,west,5,Notre Dame,"Buffalo, NY",12,Princeton
11,2017,west,4,West Virginia,"Buffalo, NY",13,Bucknell
12,2017,west,6,Maryland,"Orlando, FL",11,Xavier
13,2017,west,3,Florida State,"Orlando, FL",14,Florida Gulf Coast
14,2017,west,7,Saint Mary's (CA),"Salt Lake City, UT",10,VCU
15,2017,west,2,Arizona,"Salt Lake City, UT",15,North Dakota
16,2017,east,1,Villanova,"Buffalo, NY",16,Mount St. Mary's
17,2017,east,8,Wisconsin,"Buffalo, NY",9,Virginia Tech
18,2017,east,5,Virginia,"Orlando, FL",12,North Carolina-Wilmington
19,2017,east,4,Florida,"Orlando, FL",13,ETSU
20,2017,east,6,SMU,"Tulsa, OK",11,USC
21,2017,east,3,Baylor,"Tulsa, OK",14,New Mexico State
22,2017,east,7,South Carolina,"Greenville, SC",10,Marquette
23,2017,east,2,Duke,"Greenville, SC",15,Troy
24,2017,south,1,UNC,"Greenville, SC",16,Texas Southern
25,2017,south,8,Arkansas,"Greenville, SC",9,Seton Hall
26,2017,south,5,Minnesota,"Milwaukee, WI",12,Middle Tennessee
27,2017,south,4,Butler,"Milwaukee, WI",13,Winthrop
28,2017,south,6,Cincinnati,"Sacramento, CA",11,Kansas State
29,2017,south,3,UCLA,"Sacramento, CA",14,Kent State
30,2017,south,7,Dayton,"Indianapolis, IN",10,Wichita State
31,2017,south,2,Kentucky,"Indianapolis, IN",15,Northern Kentucky
32,2016,east,1,UNC,"Raleigh, NC",16,Florida Gulf Coast
33,2016,east,8,USC,"Raleigh, NC",9,Providence
34,2016,east,5,Indiana,"Des Moines, IA",12,Chattanooga
35,2016,east,4,Kentucky,"Des Moines, IA",13,Stony Brook
36,2016,east,6,Notre Dame,"Brooklyn, NY",11,Michigan
37,2016,east,3,West Virginia,"Brooklyn, NY",14,Stephen F. Austin
38,2016,east,7,Wisconsin,"St. Louis, MO",10,Pitt
39,2016,east,2,Xavier,"St. Louis, MO",15,Weber State
40,2016,west,1,Oregon,"Spokane, WA",16,Holy Cross
41,2016,west,8,St. Joseph's,"Spokane, WA",9,Cincinnati
42,2016,west,5,Baylor,"Providence, RI",12,Yale
43,2016,west,4,Duke,"Providence, RI",13,North Carolina-Wilmington
44,2016,west,6,Texas,"Oklahoma City, OK",11,Northern Iowa
45,2016,west,3,Texas A&M;,"Oklahoma City, OK",14,Green Bay
46,2016,west,7,Oregon State,"Oklahoma City, OK",10,VCU
47,2016,west,2,Oklahoma,"Oklahoma City, OK",15,Cal State Bakersfield
48,2016,south,1,Kansas,"Des Moines, IA",16,Austin Peay
49,2016,south,8,Colorado,"Des Moines, IA",9,UConn
50,2016,south,5,Maryland,"Spokane, WA",12,South Dakota State
51,2016,south,4,University of California,"Spokane, WA",13,Hawaii
52,2016,south,6,Arizona,"Providence, RI",11,Wichita State
53,2016,south,3,Miami (FL),"Providence, RI",14,Buffalo
54,2016,south,7,Iowa,"Brooklyn, NY",10,Temple
55,2016,south,2,Villanova,"Brooklyn, NY",15,North Carolina-Asheville
56,2016,midwest,1,Virginia,"Raleigh, NC",16,Hampton
57,2016,midwest,8,Texas Tech,"Raleigh, NC",9,Butler
58,2016,midwest,5,Purdue,"Denver, CO",12,Arkansas-Little Rock
59,2016,midwest,4,Iowa State,"Denver, CO",13,Iona
60,2016,midwest,6,Seton Hall,"Denver, CO",11,Gonzaga
61,2016,midwest,3,Utah,"Denver, CO",14,Fresno State
62,2016,midwest,7,Dayton,"St. Louis, MO",10,Syracuse
63,2016,midwest,2,Michigan State,"St. Louis, MO",15,Middle Tennessee
64,2015,east,1,Villanova,"Pittsburgh, PA",16,Lafayette
65,2015,east,8,North Carolina State,"Pittsburgh, PA",9,LSU
66,2015,east,5,Northern Iowa,"Seattle, WA",12,Wyoming
67,2015,east,4,Louisville,"Seattle, WA",13,UC-Irvine
68,2015,east,6,Providence,"Columbus, OH",11,Dayton
69,2015,east,3,Oklahoma,"Columbus, OH",14,Albany (NY)
70,2015,east,7,Michigan State,"Charlotte, NC",10,Georgia
71,2015,east,2,Virginia,"Charlotte, NC",15,Belmont
72,2015,midwest,1,Kentucky,"Louisville, KY",16,Hampton
73,2015,midwest,8,Cincinnati,"Louisville, KY",9,Purdue
74,2015,midwest,5,West Virginia,"Columbus, OH",12,Buffalo
75,2015,midwest,4,Maryland,"Columbus, OH",13,Valparaiso
76,2015,midwest,6,Butler,"Pittsburgh, PA",11,Texas
77,2015,midwest,3,Notre Dame,"Pittsburgh, PA",14,Northeastern
78,2015,midwest,7,Wichita State,"Omaha, NE",10,Indiana
79,2015,midwest,2,Kansas,"Omaha, NE",15,New Mexico State
80,2015,south,1,Duke,"Charlotte, NC",16,Robert Morris
81,2015,south,8,San Diego State,"Charlotte, NC",9,St. John's (NY)
82,2015,south,5,Utah,"Portland, OR",12,Stephen F. Austin
83,2015,south,4,Georgetown,"Portland, OR",13,Eastern Washington
84,2015,south,6,SMU,"Louisville, KY",11,UCLA
85,2015,south,3,Iowa State,"Louisville, KY",14,Alabama-Birmingham
86,2015,south,7,Iowa,"Seattle, WA",10,Davidson
87,2015,south,2,Gonzaga,"Seattle, WA",15,North Dakota State
88,2015,west,1,Wisconsin,"Omaha, NE",16,Coastal Carolina
89,2015,west,8,Oregon,"Omaha, NE",9,Oklahoma State
90,2015,west,5,Arkansas,"Jacksonville, FL",12,Wofford
91,2015,west,4,UNC,"Jacksonville, FL",13,Harvard
92,2015,west,6,Xavier,"Jacksonville, FL",11,Ole Miss
93,2015,west,3,Baylor,"Jacksonville, FL",14,Georgia State
94,2015,west,7,VCU,"Portland, OR",10,Ohio State
95,2015,west,2,Arizona,"Portland, OR",15,Texas Southern
96,2014,midwest,1,Wichita State,"St. Louis, MO",16,Cal Poly
97,2014,midwest,8,Kentucky,"St. Louis, MO",9,Kansas State
98,2014,midwest,5,Saint Louis,"Orlando, FL",12,North Carolina State
99,2014,midwest,4,Louisville,"Orlando, FL",13,Manhattan
100,2014,midwest,6,UMass,"Raleigh, NC",11,Tennessee
101,2014,midwest,3,Duke,"Raleigh, NC",14,Mercer
102,2014,midwest,7,Texas,"Milwaukee, WI",10,Arizona State
103,2014,midwest,2,Michigan,"Milwaukee, WI",15,Wofford
104,2014,west,1,Arizona,"San Diego, CA",16,Weber State
105,2014,west,8,Gonzaga,"San Diego, CA",9,Oklahoma State
106,2014,west,5,Oklahoma,"Spokane, WA",12,North Dakota State
107,2014,west,4,San Diego State,"Spokane, WA",13,New Mexico State
108,2014,west,6,Baylor,"San Antonio, TX",11,Nebraska
109,2014,west,3,Creighton,"San Antonio, TX",14,Louisiana-Lafayette
110,2014,west,7,Oregon,"Milwaukee, WI",10,BYU
111,2014,west,2,Wisconsin,"Milwaukee, WI",15,American
112,2014,east,1,Virginia,"Raleigh, NC",16,Coastal Carolina
113,2014,east,8,Memphis,"Raleigh, NC",9,George Washington
114,2014,east,5,Cincinnati,"Spokane, WA",12,Harvard
115,2014,east,4,Michigan State,"Spokane, WA",13,Delaware
116,2014,east,6,UNC,"San Antonio, TX",11,Providence
117,2014,east,3,Iowa State,"San Antonio, TX",14,North Carolina Central
118,2014,east,7,UConn,"Buffalo, NY",10,St. Joseph's
119,2014,east,2,Villanova,"Buffalo, NY",15,Milwaukee
120,2014,south,1,Florida,"Orlando, FL",16,Albany (NY)
121,2014,south,8,Colorado,"Orlando, FL",9,Pitt
122,2014,south,5,VCU,"San Diego, CA",12,Stephen F. Austin
123,2014,south,4,UCLA,"San Diego, CA",13,Tulsa
124,2014,south,6,Ohio State,"Buffalo, NY",11,Dayton
125,2014,south,3,Syracuse,"Buffalo, NY",14,Western Michigan
126,2014,south,7,New Mexico,"St. Louis, MO",10,Stanford
127,2014,south,2,Kansas,"St. Louis, MO",15,Eastern Kentucky
128,2013,east,1,Indiana,"Dayton, OH",16,James Madison
129,2013,east,8,North Carolina State,"Dayton, OH",9,Temple
130,2013,east,5,UNLV,"San Jose, CA",12,University of California
131,2013,east,4,Syracuse,"San Jose, CA",13,Montana
132,2013,east,6,Butler,"Lexington, KY",11,Bucknell
133,2013,east,3,Marquette,"Lexington, KY",14,Davidson
134,2013,east,7,Illinois,"Austin, TX",10,Colorado
135,2013,east,2,Miami (FL),"Austin, TX",15,Pacific
136,2013,midwest,1,Louisville,"Lexington, KY",16,North Carolina A&T;
137,2013,midwest,8,Colorado State,"Lexington, KY",9,Missouri
138,2013,midwest,5,Oklahoma State,"San Jose, CA",12,Oregon
139,2013,midwest,4,Saint Louis,"San Jose, CA",13,New Mexico State
140,2013,midwest,6,Memphis,"Auburn Hills, MI",11,Saint Mary's (CA)
141,2013,midwest,3,Michigan State,"Auburn Hills, MI",14,Valparaiso
142,2013,midwest,7,Creighton,"Philadelphia, PA",10,Cincinnati
143,2013,midwest,2,Duke,"Philadelphia, PA",15,Albany (NY)
144,2013,south,1,Kansas,"Kansas City, MO",16,Western Kentucky
145,2013,south,8,UNC,"Kansas City, MO",9,Villanova
146,2013,south,5,VCU,"Auburn Hills, MI",12,Akron
147,2013,south,4,Michigan,"Auburn Hills, MI",13,South Dakota State
148,2013,south,6,UCLA,"Austin, TX",11,Minnesota
149,2013,south,3,Florida,"Austin, TX",14,Northwestern State
150,2013,south,7,San Diego State,"Philadelphia, PA",10,Oklahoma
151,2013,south,2,Georgetown,"Philadelphia, PA",15,Florida Gulf Coast
152,2013,west,1,Gonzaga,"Salt Lake City, UT",16,Southern
153,2013,west,8,Pitt,"Salt Lake City, UT",9,Wichita State
154,2013,west,5,Wisconsin,"Kansas City, MO",12,Ole Miss
155,2013,west,4,Kansas State,"Kansas City, MO",13,La Salle
156,2013,west,6,Arizona,"Salt Lake City, UT",11,Belmont
157,2013,west,3,New Mexico,"Salt Lake City, UT",14,Harvard
158,2013,west,7,Notre Dame,"Dayton, OH",10,Iowa State
159,2013,west,2,Ohio State,"Dayton, OH",15,Iona
160,2012,east,1,Syracuse,"Pittsburgh, PA",16,North Carolina-Asheville
161,2012,east,8,Kansas State,"Pittsburgh, PA",9,Southern Miss
162,2012,east,5,Vanderbilt,"Albuquerque, NM",12,Harvard
163,2012,east,4,Wisconsin,"Albuquerque, NM",13,Montana
164,2012,east,6,Cincinnati,"Nashville, TN",11,Texas
165,2012,east,3,Florida State,"Nashville, TN",14,St. Bonaventure
166,2012,east,7,Gonzaga,"Pittsburgh, PA",10,West Virginia
167,2012,east,2,Ohio State,"Pittsburgh, PA",15,Loyola (MD)
168,2012,midwest,1,UNC,"Greensboro, NC",16,Vermont
169,2012,midwest,8,Creighton,"Greensboro, NC",9,Alabama
170,2012,midwest,5,Temple,"Nashville, TN",12,South Florida
171,2012,midwest,4,Michigan,"Nashville, TN",13,Ohio
172,2012,midwest,6,San Diego State,"Columbus, OH",11,North Carolina State
173,2012,midwest,3,Georgetown,"Columbus, OH",14,Belmont
174,2012,midwest,7,Saint Mary's (CA),"Omaha, NE",10,Purdue
175,2012,midwest,2,Kansas,"Omaha, NE",15,Detroit
176,2012,south,1,Kentucky,"Louisville, KY",16,Western Kentucky
177,2012,south,8,Iowa State,"Louisville, KY",9,UConn
178,2012,south,5,Wichita State,"Portland, OR",12,VCU
179,2012,south,4,Indiana,"Portland, OR",13,New Mexico State
180,2012,south,6,UNLV,"Albuquerque, NM",11,Colorado
181,2012,south,3,Baylor,"Albuquerque, NM",14,South Dakota State
182,2012,south,7,Notre Dame,"Greensboro, NC",10,Xavier
183,2012,south,2,Duke,"Greensboro, NC",15,Lehigh
184,2012,west,1,Michigan State,"Columbus, OH",16,LIU-Brooklyn
185,2012,west,8,Memphis,"Columbus, OH",9,Saint Louis
186,2012,west,5,New Mexico,"Portland, OR",12,Long Beach State
187,2012,west,4,Louisville,"Portland, OR",13,Davidson
188,2012,west,6,Murray State,"Louisville, KY",11,Colorado State
189,2012,west,3,Marquette,"Louisville, KY",14,BYU
190,2012,west,7,Florida,"Omaha, NE",10,Virginia
191,2012,west,2,Missouri,"Omaha, NE",15,Norfolk State
192,2011,east,1,Ohio State,"Cleveland, OH",16,UTSA
193,2011,east,8,George Mason,"Cleveland, OH",9,Villanova
194,2011,east,5,West Virginia,"Tampa, FL",12,Clemson
195,2011,east,4,Kentucky,"Tampa, FL",13,Princeton
196,2011,east,6,Xavier,"Cleveland, OH",11,Marquette
197,2011,east,3,Syracuse,"Cleveland, OH",14,Indiana State
198,2011,east,7,Washington,"Charlotte, NC",10,Georgia
199,2011,east,2,UNC,"Charlotte, NC",15,LIU-Brooklyn
200,2011,southeast,1,Pitt,"Washington, DC",16,North Carolina-Asheville
201,2011,southeast,8,Butler,"Washington, DC",9,Old Dominion
202,2011,southeast,5,Kansas State,"Tucson, AZ",12,Utah State
203,2011,southeast,4,Wisconsin,"Tucson, AZ",13,Belmont
204,2011,southeast,6,St. John's (NY),"Denver, CO",11,Gonzaga
205,2011,southeast,3,BYU,"Denver, CO",14,Wofford
206,2011,southeast,7,UCLA,"Tampa, FL",10,Michigan State
207,2011,southeast,2,Florida,"Tampa, FL",15,UCSB
208,2011,southwest,1,Kansas,"Tulsa, OK",16,Boston University
209,2011,southwest,8,UNLV,"Tulsa, OK",9,Illinois
210,2011,southwest,5,Vanderbilt,"Denver, CO",12,Richmond
211,2011,southwest,4,Louisville,"Denver, CO",13,Morehead State
212,2011,southwest,6,Georgetown,"Chicago, IL",11,VCU
213,2011,southwest,3,Purdue,"Chicago, IL",14,St. Peter's
214,2011,southwest,7,Texas A&M;,"Chicago, IL",10,Florida State
215,2011,southwest,2,Notre Dame,"Chicago, IL",15,Akron
216,2011,west,1,Duke,"Charlotte, NC",16,Hampton
217,2011,west,8,Michigan,"Charlotte, NC",9,Tennessee
218,2011,west,5,Arizona,"Tulsa, OK",12,Memphis
219,2011,west,4,Texas,"Tulsa, OK",13,Oakland
220,2011,west,6,Cincinnati,"Washington, DC",11,Missouri
221,2011,west,3,UConn,"Washington, DC",14,Bucknell
222,2011,west,7,Temple,"Tucson, AZ",10,Penn State
223,2011,west,2,San Diego State,"Tucson, AZ",15,Northern Colorado
224,2010,south,1,Duke,"Jacksonville, FL",16,Arkansas-Pine Bluff
225,2010,south,8,University of California,"Jacksonville, FL",9,Louisville
226,2010,south,5,Texas A&M;,"Spokane, WA",12,Utah State
227,2010,south,4,Purdue,"Spokane, WA",13,Siena
228,2010,south,6,Notre Dame,"New Orleans, LA",11,Old Dominion
229,2010,south,3,Baylor,"New Orleans, LA",14,Sam Houston State
230,2010,south,7,Richmond,"Providence, RI",10,Saint Mary's (CA)
231,2010,south,2,Villanova,"Providence, RI",15,Robert Morris
232,2010,east,1,Kentucky,"New Orleans, LA",16,ETSU
233,2010,east,8,Texas,"New Orleans, LA",9,Wake Forest
234,2010,east,5,Temple,"Jacksonville, FL",12,Cornell
235,2010,east,4,Wisconsin,"Jacksonville, FL",13,Wofford
236,2010,east,6,Marquette,"San Jose, CA",11,Washington
237,2010,east,3,New Mexico,"San Jose, CA",14,Montana
238,2010,east,7,Clemson,"Buffalo, NY",10,Missouri
239,2010,east,2,West Virginia,"Buffalo, NY",15,Morgan State
240,2010,midwest,1,Kansas,"Oklahoma City, OK",16,Lehigh
241,2010,midwest,8,UNLV,"Oklahoma City, OK",9,Northern Iowa
242,2010,midwest,5,Michigan State,"Spokane, WA",12,New Mexico State
243,2010,midwest,4,Maryland,"Spokane, WA",13,Houston
244,2010,midwest,6,Tennessee,"Providence, RI",11,San Diego State
245,2010,midwest,3,Georgetown,"Providence, RI",14,Ohio
246,2010,midwest,7,Oklahoma State,"Milwaukee, WI",10,Georgia Tech
247,2010,midwest,2,Ohio State,"Milwaukee, WI",15,UCSB
248,2010,west,1,Syracuse,"Buffalo, NY",16,Vermont
249,2010,west,8,Gonzaga,"Buffalo, NY",9,Florida State
250,2010,west,5,Butler,"San Jose, CA",12,UTEP
251,2010,west,4,Vanderbilt,"San Jose, CA",13,Murray State
252,2010,west,6,Xavier,"Milwaukee, WI",11,Minnesota
253,2010,west,3,Pitt,"Milwaukee, WI",14,Oakland
254,2010,west,7,BYU,"Oklahoma City, OK",10,Florida
255,2010,west,2,Kansas State,"Oklahoma City, OK",15,North Texas
256,2009,midwest,1,Louisville,"Dayton, OH",16,Morehead State
257,2009,midwest,8,Ohio State,"Dayton, OH",9,Siena
258,2009,midwest,5,Utah,"Miami, FL",12,Arizona
259,2009,midwest,4,Wake Forest,"Miami, FL",13,Cleveland State
260,2009,midwest,6,West Virginia,"Minneapolis, MN",11,Dayton
261,2009,midwest,3,Kansas,"Minneapolis, MN",14,North Dakota State
262,2009,midwest,7,Boston College,"Minneapolis, MN",10,USC
263,2009,midwest,2,Michigan State,"Minneapolis, MN",15,Robert Morris
264,2009,east,1,Pitt,"Dayton, OH",16,ETSU
265,2009,east,8,Oklahoma State,"Dayton, OH",9,Tennessee
266,2009,east,5,Florida State,"Boise, ID",12,Wisconsin
267,2009,east,4,Xavier,"Boise, ID",13,Portland State
268,2009,east,6,UCLA,"Philadelphia, PA",11,VCU
269,2009,east,3,Villanova,"Philadelphia, PA",14,American
270,2009,east,7,Texas,"Greensboro, NC",10,Minnesota
271,2009,east,2,Duke,"Greensboro, NC",15,Binghamton
272,2009,south,1,UNC,"Greensboro, NC",16,Radford
273,2009,south,8,LSU,"Greensboro, NC",9,Butler
274,2009,south,5,Illinois,"Portland, OR",12,Western Kentucky
275,2009,south,4,Gonzaga,"Portland, OR",13,Akron
276,2009,south,6,Arizona State,"Miami, FL",11,Temple
277,2009,south,3,Syracuse,"Miami, FL",14,Stephen F. Austin
278,2009,south,7,Clemson,"Kansas City, MO",10,Michigan
279,2009,south,2,Oklahoma,"Kansas City, MO",15,Morgan State
280,2009,west,1,UConn,"Philadelphia, PA",16,Chattanooga
281,2009,west,8,BYU,"Philadelphia, PA",9,Texas A&M;
282,2009,west,5,Purdue,"Portland, OR",12,Northern Iowa
283,2009,west,4,Washington,"Portland, OR",13,Mississippi State
284,2009,west,6,Marquette,"Boise, ID",11,Utah State
285,2009,west,3,Missouri,"Boise, ID",14,Cornell
286,2009,west,7,University of California,"Kansas City, MO",10,Maryland
287,2009,west,2,Memphis,"Kansas City, MO",15,Cal State Northridge
288,2008,east,1,UNC,"Raleigh, NC",16,Mount St. Mary's
289,2008,east,8,Indiana,"Raleigh, NC",9,Arkansas
290,2008,east,5,Notre Dame,"Denver, CO",12,George Mason
291,2008,east,4,Washington State,"Denver, CO",13,Winthrop
292,2008,east,6,Oklahoma,"Birmingham, AL",11,St. Joseph's
293,2008,east,3,Louisville,"Birmingham, AL",14,Boise State
294,2008,east,7,Butler,"Birmingham, AL",10,South Alabama
295,2008,east,2,Tennessee,"Birmingham, AL",15,American
296,2008,midwest,1,Kansas,"Omaha, NE",16,Portland State
297,2008,midwest,8,UNLV,"Omaha, NE",9,Kent State
298,2008,midwest,5,Clemson,"Tampa, FL",12,Villanova
299,2008,midwest,4,Vanderbilt,"Tampa, FL",13,Siena
300,2008,midwest,6,USC,"Omaha, NE",11,Kansas State
301,2008,midwest,3,Wisconsin,"Omaha, NE",14,Cal State Fullerton
302,2008,midwest,7,Gonzaga,"Raleigh, NC",10,Davidson
303,2008,midwest,2,Georgetown,"Raleigh, NC",15,UMBC
304,2008,south,1,Memphis,"Little Rock, AR",16,Texas-Arlington
305,2008,south,8,Mississippi State,"Little Rock, AR",9,Oregon
306,2008,south,5,Michigan State,"Denver, CO",12,Temple
307,2008,south,4,Pitt,"Denver, CO",13,Oral Roberts
308,2008,south,6,Marquette,"Anaheim, CA",11,Kentucky
309,2008,south,3,Stanford,"Anaheim, CA",14,Cornell
310,2008,south,7,Miami (FL),"Little Rock, AR",10,Saint Mary's (CA)
311,2008,south,2,Texas,"Little Rock, AR",15,Austin Peay
312,2008,west,1,UCLA,"Anaheim, CA",16,Mississippi Valley State
313,2008,west,8,BYU,"Anaheim, CA",9,Texas A&M;
314,2008,west,5,Drake,"Tampa, FL",12,Western Kentucky
315,2008,west,4,UConn,"Tampa, FL",13,San Diego
316,2008,west,6,Purdue,"Washington, DC",11,Baylor
317,2008,west,3,Xavier,"Washington, DC",14,Georgia
318,2008,west,7,West Virginia,"Washington, DC",10,Arizona
319,2008,west,2,Duke,"Washington, DC",15,Belmont
320,2007,west,1,Kansas,"Chicago, IL",16,Niagara
321,2007,west,8,Kentucky,"Chicago, IL",9,Villanova
322,2007,west,5,Virginia Tech,"Columbus, OH",12,Illinois
323,2007,west,4,Southern Illinois,"Columbus, OH",13,Holy Cross
324,2007,west,6,Duke,"Buffalo, NY",11,VCU
325,2007,west,3,Pitt,"Buffalo, NY",14,Wright State
326,2007,west,7,Indiana,"Sacramento, CA",10,Gonzaga
327,2007,west,2,UCLA,"Sacramento, CA",15,Weber State
328,2007,east,1,UNC,"Winston-Salem, NC",16,Eastern Kentucky
329,2007,east,8,Marquette,"Winston-Salem, NC",9,Michigan State
330,2007,east,5,USC,"Spokane, WA",12,Arkansas
331,2007,east,4,Texas,"Spokane, WA",13,New Mexico State
332,2007,east,6,Vanderbilt,"Sacramento, CA",11,George Washington
333,2007,east,3,Washington State,"Sacramento, CA",14,Oral Roberts
334,2007,east,7,Boston College,"Winston-Salem, NC",10,Texas Tech
335,2007,east,2,Georgetown,"Winston-Salem, NC",15,Belmont
336,2007,midwest,1,Florida,"New Orleans, LA",16,Jackson State
337,2007,midwest,8,Arizona,"New Orleans, LA",9,Purdue
338,2007,midwest,5,Butler,"Buffalo, NY",12,Old Dominion
339,2007,midwest,4,Maryland,"Buffalo, NY",13,Davidson
340,2007,midwest,6,Notre Dame,"Spokane, WA",11,Winthrop
341,2007,midwest,3,Oregon,"Spokane, WA",14,Miami (OH)
342,2007,midwest,7,UNLV,"Chicago, IL",10,Georgia Tech
343,2007,midwest,2,Wisconsin,"Chicago, IL",15,Texas A&M-Corpus; Christi
344,2007,south,1,Ohio State,"Lexington, KY",16,Central Connecticut
345,2007,south,8,BYU,"Lexington, KY",9,Xavier
346,2007,south,5,Tennessee,"Columbus, OH",12,Long Beach State
347,2007,south,4,Virginia,"Columbus, OH",13,Albany (NY)
348,2007,south,6,Louisville,"Lexington, KY",11,Stanford
349,2007,south,3,Texas A&M;,"Lexington, KY",14,Penn
350,2007,south,7,Nevada,"New Orleans, LA",10,Creighton
351,2007,south,2,Memphis,"New Orleans, LA",15,North Texas
352,2006,minneapolis,1,Villanova,"Philadelphia, PA",16,Monmouth
353,2006,minneapolis,8,Arizona,"Philadelphia, PA",9,Wisconsin
354,2006,minneapolis,5,Nevada,"Salt Lake City, UT",12,Montana
355,2006,minneapolis,4,Boston College,"Salt Lake City, UT",13,Pacific
356,2006,minneapolis,6,Oklahoma,"Jacksonville, FL",11,Milwaukee
357,2006,minneapolis,3,Florida,"Jacksonville, FL",14,South Alabama
358,2006,minneapolis,7,Georgetown,"Dayton, OH",10,Northern Iowa
359,2006,minneapolis,2,Ohio State,"Dayton, OH",15,Davidson
360,2006,atlanta,1,Duke,"Greensboro, NC",16,Southern
361,2006,atlanta,8,George Washington,"Greensboro, NC",9,North Carolina-Wilmington
362,2006,atlanta,5,Syracuse,"Jacksonville, FL",12,Texas A&M;
363,2006,atlanta,4,LSU,"Jacksonville, FL",13,Iona
364,2006,atlanta,6,West Virginia,"Auburn Hills, MI",11,Southern Illinois
365,2006,atlanta,3,Iowa,"Auburn Hills, MI",14,Northwestern State
366,2006,atlanta,7,University of California,"Dallas, TX",10,North Carolina State
367,2006,atlanta,2,Texas,"Dallas, TX",15,Penn
368,2006,oakland,1,Memphis,"Dallas, TX",16,Oral Roberts
369,2006,oakland,8,Arkansas,"Dallas, TX",9,Bucknell
370,2006,oakland,5,Pitt,"Auburn Hills, MI",12,Kent State
371,2006,oakland,4,Kansas,"Auburn Hills, MI",13,Bradley
372,2006,oakland,6,Indiana,"Salt Lake City, UT",11,San Diego State
373,2006,oakland,3,Gonzaga,"Salt Lake City, UT",14,Xavier
374,2006,oakland,7,Marquette,"San Diego, CA",10,Alabama
375,2006,oakland,2,UCLA,"San Diego, CA",15,Belmont
376,2006,washington,1,UConn,"Philadelphia, PA",16,Albany (NY)
377,2006,washington,8,Kentucky,"Philadelphia, PA",9,Alabama-Birmingham
378,2006,washington,5,Washington,"San Diego, CA",12,Utah State
379,2006,washington,4,Illinois,"San Diego, CA",13,Air Force
380,2006,washington,6,Michigan State,"Dayton, OH",11,George Mason
381,2006,washington,3,UNC,"Dayton, OH",14,Murray State
382,2006,washington,7,Wichita State,"Greensboro, NC",10,Seton Hall
383,2006,washington,2,Tennessee,"Greensboro, NC",15,Winthrop
384,2005,syracuse,1,UNC,"Charlotte, NC",16,Oakland
385,2005,syracuse,8,Minnesota,"Charlotte, NC",9,Iowa State
386,2005,syracuse,5,Villanova,"Nashville, TN",12,New Mexico
387,2005,syracuse,4,Florida,"Nashville, TN",13,Ohio
388,2005,syracuse,6,Wisconsin,"Oklahoma City, OK",11,Northern Iowa
389,2005,syracuse,3,Kansas,"Oklahoma City, OK",14,Bucknell
390,2005,syracuse,7,Charlotte,"Worcester, MA",10,North Carolina State
391,2005,syracuse,2,UConn,"Worcester, MA",15,UCF
392,2005,albuquerque,1,Washington,"Boise, ID",16,Montana
393,2005,albuquerque,8,Pacific,"Boise, ID",9,Pitt
394,2005,albuquerque,5,Georgia Tech,"Nashville, TN",12,George Washington
395,2005,albuquerque,4,Louisville,"Nashville, TN",13,Louisiana-Lafayette
396,2005,albuquerque,6,Texas Tech,"Tucson, AZ",11,UCLA
397,2005,albuquerque,3,Gonzaga,"Tucson, AZ",14,Winthrop
398,2005,albuquerque,7,West Virginia,"Cleveland, OH",10,Creighton
399,2005,albuquerque,2,Wake Forest,"Cleveland, OH",15,Chattanooga
400,2005,austin,1,Duke,"Charlotte, NC",16,Delaware State
401,2005,austin,8,Stanford,"Charlotte, NC",9,Mississippi State
402,2005,austin,5,Michigan State,"Worcester, MA",12,Old Dominion
403,2005,austin,4,Syracuse,"Worcester, MA",13,Vermont
404,2005,austin,6,Utah,"Tucson, AZ",11,UTEP
405,2005,austin,3,Oklahoma,"Tucson, AZ",14,Niagara
406,2005,austin,7,Cincinnati,"Indianapolis, IN",10,Iowa
407,2005,austin,2,Kentucky,"Indianapolis, IN",15,Eastern Kentucky
408,2005,chicago,1,Illinois,"Indianapolis, IN",16,Fairleigh Dickinson
409,2005,chicago,8,Texas,"Indianapolis, IN",9,Nevada
410,2005,chicago,5,Alabama,"Cleveland, OH",12,Milwaukee
411,2005,chicago,4,Boston College,"Cleveland, OH",13,Penn
412,2005,chicago,6,LSU,"Boise, ID",11,Alabama-Birmingham
413,2005,chicago,3,Arizona,"Boise, ID",14,Utah State
414,2005,chicago,7,Southern Illinois,"Oklahoma City, OK",10,Saint Mary's (CA)
415,2005,chicago,2,Oklahoma State,"Oklahoma City, OK",15,Southeastern Louisiana
416,2004,atlanta,1,Duke,"Raleigh, NC",16,Alabama State
417,2004,atlanta,8,Seton Hall,"Raleigh, NC",9,Arizona
418,2004,atlanta,5,Illinois,"Columbus, OH",12,Murray State
419,2004,atlanta,4,Cincinnati,"Columbus, OH",13,ETSU
420,2004,atlanta,6,UNC,"Denver, CO",11,Air Force
421,2004,atlanta,3,Texas,"Denver, CO",14,Princeton
422,2004,atlanta,7,Xavier,"Orlando, FL",10,Louisville
423,2004,atlanta,2,Mississippi State,"Orlando, FL",15,Monmouth
424,2004,phoenix,1,Stanford,"Seattle, WA",16,UTSA
425,2004,phoenix,8,Alabama,"Seattle, WA",9,Southern Illinois
426,2004,phoenix,5,Syracuse,"Denver, CO",12,BYU
427,2004,phoenix,4,Maryland,"Denver, CO",13,UTEP
428,2004,phoenix,6,Vanderbilt,"Denver, CO",11,Western Michigan
429,2004,phoenix,3,North Carolina State,"Denver, CO",14,Louisiana-Lafayette
430,2004,phoenix,7,DePaul,"Buffalo, NY",10,Dayton
431,2004,phoenix,2,UConn,"Buffalo, NY",15,Vermont
432,2003,south,1,Texas,"Birmingham, AL",16,North Carolina-Asheville
433,2003,south,8,LSU,"Birmingham, AL",9,Purdue
434,2003,south,5,UConn,"Spokane, WA",12,BYU
435,2003,south,4,Stanford,"Spokane, WA",13,San Diego
436,2003,south,6,Maryland,"Nashville, TN",11,North Carolina-Wilmington
437,2003,south,3,Xavier,"Nashville, TN",14,Troy
438,2003,south,7,Michigan State,"Tampa, FL",10,Colorado
439,2003,south,2,Florida,"Tampa, FL",15,Sam Houston State
440,2003,east,1,Oklahoma,"Oklahoma City, OK",16,South Carolina State
441,2003,east,8,University of California,"Oklahoma City, OK",9,North Carolina State
442,2003,east,5,Mississippi State,"Birmingham, AL",12,Butler
443,2003,east,4,Louisville,"Birmingham, AL",13,Austin Peay
444,2003,east,6,Oklahoma State,"Boston, MA",11,Penn
445,2003,east,3,Syracuse,"Boston, MA",14,Manhattan
446,2003,east,7,St. Joseph's,"Tampa, FL",10,Auburn
447,2003,east,2,Wake Forest,"Tampa, FL",15,ETSU
448,2003,midwest,1,Kentucky,"Nashville, TN",16,IUPUI
449,2003,midwest,8,Oregon,"Nashville, TN",9,Utah
450,2003,midwest,5,Wisconsin,"Spokane, WA",12,Weber State
451,2003,midwest,4,Dayton,"Spokane, WA",13,Tulsa
452,2003,midwest,6,Missouri,"Indianapolis, IN",11,Southern Illinois
453,2003,midwest,3,Marquette,"Indianapolis, IN",14,Holy Cross
454,2003,midwest,7,Indiana,"Boston, MA",10,Alabama
455,2003,midwest,2,Pitt,"Boston, MA",15,Wagner
456,2003,west,1,Arizona,"Salt Lake City, UT",16,Vermont
457,2003,west,8,Cincinnati,"Salt Lake City, UT",9,Gonzaga
458,2003,west,5,Notre Dame,"Indianapolis, IN",12,Milwaukee
459,2003,west,4,Illinois,"Indianapolis, IN",13,Western Kentucky
460,2003,west,6,Creighton,"Salt Lake City, UT",11,Central Michigan
461,2003,west,3,Duke,"Salt Lake City, UT",14,Colorado State
462,2003,west,7,Memphis,"Oklahoma City, OK",10,Arizona State
463,2003,west,2,Kansas,"Oklahoma City, OK",15,Utah State
464,2002,east,1,Maryland,"Washington, DC",16,Siena
465,2002,east,8,Wisconsin,"Washington, DC",9,St. John's (NY)
466,2002,east,5,Marquette,"St. Louis, MO",12,Tulsa
467,2002,east,4,Kentucky,"St. Louis, MO",13,Valparaiso
468,2002,east,6,Texas Tech,"Chicago, IL",11,Southern Illinois
469,2002,east,3,Georgia,"Chicago, IL",14,Murray State
470,2002,east,7,North Carolina State,"Washington, DC",10,Michigan State
471,2002,east,2,UConn,"Washington, DC",15,Hampton
472,2002,midwest,1,Kansas,"St. Louis, MO",16,Holy Cross
473,2002,midwest,8,Stanford,"St. Louis, MO",9,Western Kentucky
474,2002,midwest,5,Florida,"Chicago, IL",12,Creighton
475,2002,midwest,4,Illinois,"Chicago, IL",13,San Diego State
476,2002,midwest,6,Texas,"Dallas, TX",11,Boston College
477,2002,midwest,3,Mississippi State,"Dallas, TX",14,McNeese State
478,2002,midwest,7,Wake Forest,"Sacramento, CA",10,Pepperdine
479,2002,midwest,2,Oregon,"Sacramento, CA",15,Montana
480,2002,south,1,Duke,"Greenville, SC",16,Winthrop
481,2002,south,8,Notre Dame,"Greenville, SC",9,Charlotte
482,2002,south,5,Indiana,"Sacramento, CA",12,Utah
483,2002,south,4,USC,"Sacramento, CA",13,North Carolina-Wilmington
484,2002,south,6,University of California,"Pittsburgh, PA",11,Penn
485,2002,south,3,Pitt,"Pittsburgh, PA",14,Central Connecticut
486,2002,south,7,Oklahoma State,"Greenville, SC",10,Kent State
487,2002,south,2,Alabama,"Greenville, SC",15,Florida Atlantic
488,2002,west,1,Cincinnati,"Pittsburgh, PA",16,Boston University
489,2002,west,8,UCLA,"Pittsburgh, PA",9,Ole Miss
490,2002,west,5,Miami (FL),"Albuquerque, NM",12,Missouri
491,2002,west,4,Ohio State,"Albuquerque, NM",13,Davidson
492,2002,west,6,Gonzaga,"Albuquerque, NM",11,Wyoming
493,2002,west,3,Arizona,"Albuquerque, NM",14,UCSB
494,2002,west,7,Xavier,"Dallas, TX",10,Hawaii
495,2002,west,2,Oklahoma,"Dallas, TX",15,UIC
496,2001,midwest,1,Illinois,"Dayton, OH",16,Northwestern State
497,2001,midwest,8,Tennessee,"Dayton, OH",9,Charlotte
498,2001,midwest,5,Syracuse,"Dayton, OH",12,Hawaii
499,2001,midwest,4,Kansas,"Dayton, OH",13,Cal State Northridge
500,2001,midwest,6,Notre Dame,"Kansas City, MO",11,Xavier
501,2001,midwest,3,Ole Miss,"Kansas City, MO",14,Iona
502,2001,midwest,7,Wake Forest,"Kansas City, MO",10,Butler
503,2001,midwest,2,Arizona,"Kansas City, MO",15,Eastern Illinois
504,2001,east,1,Duke,"Greensboro, NC",16,Monmouth
505,2001,east,8,Georgia,"Greensboro, NC",9,Missouri
506,2001,east,5,Ohio State,"Greensboro, NC",12,Utah State
507,2001,east,4,UCLA,"Greensboro, NC",13,Hofstra
508,2001,east,6,USC,"Uniondale, NY",11,Oklahoma State
509,2001,east,3,Boston College,"Uniondale, NY",14,Southern Utah
510,2001,east,7,Iowa,"Uniondale, NY",10,Creighton
511,2001,east,2,Kentucky,"Uniondale, NY",15,Holy Cross
512,2001,south,1,Michigan State,"Memphis, TN",16,Alabama State
513,2001,south,8,University of California,"Memphis, TN",9,Fresno State
514,2001,south,5,Virginia,"Memphis, TN",12,Gonzaga
515,2001,south,4,Oklahoma,"Memphis, TN",13,Indiana State
516,2001,south,6,Texas,"New Orleans, LA",11,Temple
517,2001,south,3,Florida,"New Orleans, LA",14,Western Kentucky
518,2001,south,7,Penn State,"New Orleans, LA",10,Providence
519,2001,south,2,UNC,"New Orleans, LA",15,Princeton
520,2001,west,1,Stanford,"San Diego, CA",16,North Carolina-Greensboro
521,2001,west,8,Georgia Tech,"San Diego, CA",9,St. Joseph's
522,2001,west,5,Cincinnati,"San Diego, CA",12,BYU
523,2001,west,4,Indiana,"San Diego, CA",13,Kent State
524,2001,west,6,Wisconsin,"Boise, ID",11,Georgia State
525,2001,west,3,Maryland,"Boise, ID",14,George Mason
526,2001,west,7,Arkansas,"Boise, ID",10,Georgetown
527,2001,west,2,Iowa State,"Boise, ID",15,Hampton
528,2000,east,1,Duke,"Winston-Salem, NC",16,Lamar
529,2000,east,8,Kansas,"Winston-Salem, NC",9,DePaul
530,2000,east,5,Florida,"Winston-Salem, NC",12,Butler
531,2000,east,4,Illinois,"Winston-Salem, NC",13,Penn
532,2000,east,6,Indiana,"Buffalo, NY",11,Pepperdine
533,2000,east,3,Oklahoma State,"Buffalo, NY",14,Hofstra
534,2000,east,7,Oregon,"Buffalo, NY",10,Seton Hall
535,2000,east,2,Temple,"Buffalo, NY",15,Lafayette
536,2000,midwest,1,Michigan State,"Cleveland, OH",16,Valparaiso
537,2000,midwest,8,Utah,"Cleveland, OH",9,Saint Louis
538,2000,midwest,5,Kentucky,"Cleveland, OH",12,St. Bonaventure
539,2000,midwest,4,Syracuse,"Cleveland, OH",13,Samford
540,2000,midwest,6,UCLA,"Minneapolis, MN",11,Ball State
541,2000,midwest,3,Maryland,"Minneapolis, MN",14,Iona
542,2000,midwest,7,Auburn,"Minneapolis, MN",10,Creighton
543,2000,midwest,2,Iowa State,"Minneapolis, MN",15,Central Connecticut
544,2000,south,1,Stanford,"Birmingham, AL",16,South Carolina State
545,2000,south,8,UNC,"Birmingham, AL",9,Missouri
546,2000,south,5,UConn,"Birmingham, AL",12,Utah State
547,2000,south,4,Tennessee,"Birmingham, AL",13,Louisiana-Lafayette
548,2000,south,6,Miami (FL),"Nashville, TN",11,Arkansas
549,2000,south,3,Ohio State,"Nashville, TN",14,Appalachian State
550,2000,south,7,Tulsa,"Nashville, TN",10,UNLV
551,2000,south,2,Cincinnati,"Nashville, TN",15,North Carolina-Wilmington
552,2000,west,1,Arizona,"Tucson, AZ",16,Jackson State
553,2000,west,8,Wisconsin,"Tucson, AZ",9,Fresno State
554,2000,west,5,Texas,"Tucson, AZ",12,Indiana State
555,2000,west,4,LSU,"Tucson, AZ",13,Southeast Missouri State
556,2000,west,6,Purdue,"Salt Lake City, UT",11,Dayton
557,2000,west,3,Oklahoma,"Salt Lake City, UT",14,Winthrop
558,2000,west,7,Louisville,"Salt Lake City, UT",10,Gonzaga
559,2000,west,2,St. John's (NY),"Salt Lake City, UT",15,Northern Arizona
560,1999,east,1,Duke,"Charlotte, NC",16,Florida A&M;
561,1999,east,8,College of Charleston,"Charlotte, NC",9,Tulsa
562,1999,east,5,Wisconsin,"Charlotte, NC",12,Missouri State
563,1999,east,4,Tennessee,"Charlotte, NC",13,Delaware
564,1999,east,6,Temple,"Boston, MA",11,Kent State
565,1999,east,3,Cincinnati,"Boston, MA",14,George Mason
566,1999,east,7,Texas,"Boston, MA",10,Purdue
567,1999,east,2,Miami (FL),"Boston, MA",15,Lafayette
568,1999,midwest,1,Michigan State,"New Orleans, LA",16,Mount St. Mary's
569,1999,midwest,8,Villanova,"New Orleans, LA",9,Ole Miss
570,1999,midwest,5,Charlotte,"New Orleans, LA",12,Rhode Island
571,1999,midwest,4,Arizona,"New Orleans, LA",13,Oklahoma
572,1999,midwest,6,Kansas,"Milwaukee, WI",11,Evansville
573,1999,midwest,3,Kentucky,"Milwaukee, WI",14,New Mexico State
574,1999,midwest,7,Washington,"Milwaukee, WI",10,Miami (OH)
575,1999,midwest,2,Utah,"Milwaukee, WI",15,Arkansas State
576,1999,south,1,Auburn,"Indianapolis, IN",16,Winthrop
577,1999,south,8,Syracuse,"Indianapolis, IN",9,Oklahoma State
578,1999,south,5,UCLA,"Indianapolis, IN",12,Detroit
579,1999,south,4,Ohio State,"Indianapolis, IN",13,Murray State
580,1999,south,6,Indiana,"Orlando, FL",11,George Washington
581,1999,south,3,St. John's (NY),"Orlando, FL",14,Samford
582,1999,south,7,Louisville,"Orlando, FL",10,Creighton
583,1999,south,2,Maryland,"Orlando, FL",15,Valparaiso
584,1999,west,1,UConn,"Denver, CO",16,UTSA
585,1999,west,8,Missouri,"Denver, CO",9,New Mexico
586,1999,west,5,Iowa,"Denver, CO",12,Alabama-Birmingham
587,1999,west,4,Arkansas,"Denver, CO",13,Siena
588,1999,west,6,Florida,"Seattle, WA",11,Penn
589,1999,west,3,UNC,"Seattle, WA",14,Weber State
590,1999,west,7,Minnesota,"Seattle, WA",10,Gonzaga
591,1999,west,2,Stanford,"Seattle, WA",15,Alcorn State
592,1998,east,1,UNC,"Hartford, CT",16,Navy
593,1998,east,8,Charlotte,"Hartford, CT",9,UIC
594,1998,east,5,Princeton,"Hartford, CT",12,UNLV
595,1998,east,4,Michigan State,"Hartford, CT",13,Eastern Michigan
596,1998,east,6,Xavier,"Washington, DC",11,Washington
597,1998,east,3,South Carolina,"Washington, DC",14,Richmond
598,1998,east,7,Indiana,"Washington, DC",10,Oklahoma
599,1998,east,2,UConn,"Washington, DC",15,Fairleigh Dickinson
600,1998,midwest,1,Kansas,"Oklahoma City, OK",16,Prairie View
601,1998,midwest,8,Rhode Island,"Oklahoma City, OK",9,Murray State
602,1998,midwest,5,Texas Christian,"Oklahoma City, OK",12,Florida State
603,1998,midwest,4,Ole Miss,"Oklahoma City, OK",13,Valparaiso
604,1998,midwest,6,Clemson,"Chicago, IL",11,Western Michigan
605,1998,midwest,3,Stanford,"Chicago, IL",14,College of Charleston
606,1998,midwest,7,St. John's (NY),"Chicago, IL",10,Detroit
607,1998,midwest,2,Purdue,"Chicago, IL",15,Delaware
608,1998,south,1,Duke,"Lexington, KY",16,Radford
609,1998,south,8,Oklahoma State,"Lexington, KY",9,George Washington
610,1998,south,5,Syracuse,"Lexington, KY",12,Iona
611,1998,south,4,New Mexico,"Lexington, KY",13,Butler
612,1998,south,6,UCLA,"Atlanta, GA",11,Miami (FL)
613,1998,south,3,Michigan,"Atlanta, GA",14,Davidson
614,1998,south,7,UMass,"Atlanta, GA",10,Saint Louis
615,1998,south,2,Kentucky,"Atlanta, GA",15,South Carolina State
616,1998,west,1,Arizona,"Sacramento, CA",16,Nicholls State
617,1998,west,8,Tennessee,"Sacramento, CA",9,Illinois State
618,1998,west,5,Illinois,"Sacramento, CA",12,South Alabama
619,1998,west,4,Maryland,"Sacramento, CA",13,Utah State
620,1998,west,6,Arkansas,"Boise, ID",11,Nebraska
621,1998,west,3,Utah,"Boise, ID",14,San Francisco
622,1998,west,7,Temple,"Boise, ID",10,West Virginia
623,1998,west,2,Cincinnati,"Boise, ID",15,Northern Arizona
624,1997,east,1,UNC,"Winston-Salem, NC",16,Fairfield
625,1997,east,8,Indiana,"Winston-Salem, NC",9,Colorado
626,1997,east,5,University of California,"Winston-Salem, NC",12,Princeton
627,1997,east,4,Villanova,"Winston-Salem, NC",13,LIU-Brooklyn
628,1997,east,6,Louisville,"Pittsburgh, PA",11,UMass
629,1997,east,3,New Mexico,"Pittsburgh, PA",14,Old Dominion
630,1997,east,7,Wisconsin,"Pittsburgh, PA",10,Texas
631,1997,east,2,South Carolina,"Pittsburgh, PA",15,Coppin State
632,1997,midwest,1,Minnesota,"Kansas City, MO",16,Texas State
633,1997,midwest,8,Ole Miss,"Kansas City, MO",9,Temple
634,1997,midwest,5,Tulsa,"Kansas City, MO",12,Boston University
635,1997,midwest,4,Clemson,"Kansas City, MO",13,Miami (OH)
636,1997,midwest,6,Iowa State,"Auburn Hills, MI",11,Illinois State
637,1997,midwest,3,Cincinnati,"Auburn Hills, MI",14,Butler
638,1997,midwest,7,Xavier,"Auburn Hills, MI",10,Vanderbilt
639,1997,midwest,2,UCLA,"Auburn Hills, MI",15,Charleston Southern
640,1997,southeast,1,Kansas,"Memphis, TN",16,Jackson State
641,1997,southeast,8,Purdue,"Memphis, TN",9,Rhode Island
642,1997,southeast,5,Maryland,"Memphis, TN",12,College of Charleston
643,1997,southeast,4,Arizona,"Memphis, TN",13,South Alabama
644,1997,southeast,6,Illinois,"Charlotte, NC",11,USC
645,1997,southeast,3,Georgia,"Charlotte, NC",14,Chattanooga
646,1997,southeast,7,Marquette,"Charlotte, NC",10,Providence
647,1997,southeast,2,Duke,"Charlotte, NC",15,Murray State
648,1997,west,1,Kentucky,"Salt Lake City, UT",16,Montana
649,1997,west,8,Iowa,"Salt Lake City, UT",9,Virginia
650,1997,west,5,Boston College,"Salt Lake City, UT",12,Valparaiso
651,1997,west,4,St. Joseph's,"Salt Lake City, UT",13,Pacific
652,1997,west,6,Stanford,"Tucson, AZ",11,Oklahoma
653,1997,west,3,Wake Forest,"Tucson, AZ",14,Saint Mary's (CA)
654,1997,west,7,Charlotte,"Tucson, AZ",10,Georgetown
655,1997,west,2,Utah,"Tucson, AZ",15,Navy
656,1996,east,1,UMass,"Providence, RI",16,UCF
657,1996,east,8,Bradley,"Providence, RI",9,Stanford
658,1996,east,5,Penn State,"Providence, RI",12,Arkansas
659,1996,east,4,Marquette,"Providence, RI",13,Monmouth
660,1996,east,6,UNC,"Richmond, VA",11,New Orleans
661,1996,east,3,Texas Tech,"Richmond, VA",14,Northern Illinois
662,1996,east,7,New Mexico,"Richmond, VA",10,Kansas State
663,1996,east,2,Georgetown,"Richmond, VA",15,Mississippi Valley State
664,1996,midwest,1,Kentucky,"Dallas, TX",16,San Jose State
665,1996,midwest,8,Green Bay,"Dallas, TX",9,Virginia Tech
666,1996,midwest,5,Iowa State,"Dallas, TX",12,University of California
667,1996,midwest,4,Utah,"Dallas, TX",13,Canisius
668,1996,midwest,6,Louisville,"Milwaukee, WI",11,Tulsa
669,1996,midwest,3,Villanova,"Milwaukee, WI",14,Portland
670,1996,midwest,7,Michigan,"Milwaukee, WI",10,Texas
671,1996,midwest,2,Wake Forest,"Milwaukee, WI",15,Louisiana-Monroe
672,1996,southeast,1,UConn,"Indianapolis, IN",16,Colgate
673,1996,southeast,8,Duke,"Indianapolis, IN",9,Eastern Michigan
674,1996,southeast,5,Mississippi State,"Indianapolis, IN",12,VCU
675,1996,southeast,4,UCLA,"Indianapolis, IN",13,Princeton
676,1996,southeast,6,Indiana,"Orlando, FL",11,Boston College
677,1996,southeast,3,Georgia Tech,"Orlando, FL",14,Austin Peay
678,1996,southeast,7,Temple,"Orlando, FL",10,Oklahoma
679,1996,southeast,2,Cincinnati,"Orlando, FL",15,North Carolina-Greensboro
680,1996,west,1,Purdue,"Albuquerque, NM",16,Western Carolina
681,1996,west,8,Georgia,"Albuquerque, NM",9,Clemson
682,1996,west,5,Memphis,"Albuquerque, NM",12,Drexel
683,1996,west,4,Syracuse,"Albuquerque, NM",13,Montana State
684,1996,west,6,Iowa,"Tempe, AZ",11,George Washington
685,1996,west,3,Arizona,"Tempe, AZ",14,Valparaiso
686,1996,west,7,Maryland,"Tempe, AZ",10,Santa Clara
687,1996,west,2,Kansas,"Tempe, AZ",15,South Carolina State
688,1995,east,1,Wake Forest,"Baltimore, MD",16,North Carolina A&T;
689,1995,east,8,Minnesota,"Baltimore, MD",9,Saint Louis
690,1995,east,5,Alabama,"Baltimore, MD",12,Penn
691,1995,east,4,Oklahoma State,"Baltimore, MD",13,Drexel
692,1995,east,6,Tulsa,"Albany, NY",11,Illinois
693,1995,east,3,Villanova,"Albany, NY",14,Old Dominion
694,1995,east,7,Charlotte,"Albany, NY",10,Stanford
695,1995,east,2,UMass,"Albany, NY",15,St. Peter's
696,1995,midwest,1,Kansas,"Dayton, OH",16,Colgate
697,1995,midwest,8,Western Kentucky,"Dayton, OH",9,Michigan
698,1995,midwest,5,Arizona,"Dayton, OH",12,Miami (OH)
699,1995,midwest,4,Virginia,"Dayton, OH",13,Nicholls State
700,1995,midwest,6,Memphis,"Austin, TX",11,Louisville
701,1995,midwest,3,Purdue,"Austin, TX",14,Green Bay
702,1995,midwest,7,Syracuse,"Austin, TX",10,Southern Illinois
703,1995,midwest,2,Arkansas,"Austin, TX",15,Texas Southern
704,1995,southeast,1,Kentucky,"Memphis, TN",16,Mount St. Mary's
705,1995,southeast,8,BYU,"Memphis, TN",9,Tulane
706,1995,southeast,5,Arizona State,"Memphis, TN",12,Ball State
707,1995,southeast,4,Oklahoma,"Memphis, TN",13,Manhattan
708,1995,southeast,6,Georgetown,"Tallahassee, FL",11,Xavier
709,1995,southeast,3,Michigan State,"Tallahassee, FL",14,Weber State
710,1995,southeast,7,Iowa State,"Tallahassee, FL",10,Florida
711,1995,southeast,2,UNC,"Tallahassee, FL",15,Murray State
712,1995,west,1,UCLA,"Boise, ID",16,Florida International
713,1995,west,8,Missouri,"Boise, ID",9,Indiana
714,1995,west,5,Mississippi State,"Boise, ID",12,Santa Clara
715,1995,west,4,Utah,"Boise, ID",13,Long Beach State
716,1995,west,6,Oregon,"Salt Lake City, UT",11,Texas
717,1995,west,3,Maryland,"Salt Lake City, UT",14,Gonzaga
718,1995,west,7,Cincinnati,"Salt Lake City, UT",10,Temple
719,1995,west,2,UConn,"Salt Lake City, UT",15,Chattanooga
720,1994,east,1,UNC,"Landover, MD",16,Liberty
721,1994,east,8,Washington State,"Landover, MD",9,Boston College
722,1994,east,5,Indiana,"Landover, MD",12,Ohio
723,1994,east,4,Temple,"Landover, MD",13,Drexel
724,1994,east,6,Nebraska,"Uniondale, NY",11,Penn
725,1994,east,3,Florida,"Uniondale, NY",14,James Madison
726,1994,east,7,Alabama-Birmingham,"Uniondale, NY",10,George Washington
727,1994,east,2,UConn,"Uniondale, NY",15,Rider
728,1994,midwest,1,Arkansas,"Oklahoma City, OK",16,North Carolina A&T;
729,1994,midwest,8,Illinois,"Oklahoma City, OK",9,Georgetown
730,1994,midwest,5,UCLA,"Oklahoma City, OK",12,Tulsa
731,1994,midwest,4,Oklahoma State,"Oklahoma City, OK",13,New Mexico State
732,1994,midwest,6,Texas,"Wichita, KS",11,Western Kentucky
733,1994,midwest,3,Michigan,"Wichita, KS",14,Pepperdine
734,1994,midwest,7,Saint Louis,"Wichita, KS",10,Maryland
735,1994,midwest,2,UMass,"Wichita, KS",15,Texas State
736,1994,southeast,1,Purdue,"Lexington, KY",16,UCF
737,1994,southeast,8,Providence,"Lexington, KY",9,Alabama
738,1994,southeast,5,Wake Forest,"Lexington, KY",12,College of Charleston
739,1994,southeast,4,Kansas,"Lexington, KY",13,Chattanooga
740,1994,southeast,6,Marquette,"St. Petersburg, FL",11,Louisiana-Lafayette
741,1994,southeast,3,Kentucky,"St. Petersburg, FL",14,Tennessee State
742,1994,southeast,7,Michigan State,"St. Petersburg, FL",10,Seton Hall
743,1994,southeast,2,Duke,"St. Petersburg, FL",15,Texas Southern
744,1994,west,1,Missouri,"Ogden, UT",16,Navy
745,1994,west,8,Cincinnati,"Ogden, UT",9,Wisconsin
746,1994,west,5,University of California,"Ogden, UT",12,Green Bay
747,1994,west,4,Syracuse,"Ogden, UT",13,Hawaii
748,1994,west,6,Minnesota,"Sacramento, CA",11,Southern Illinois
749,1994,west,3,Louisville,"Sacramento, CA",14,Boise State
750,1994,west,7,Virginia,"Sacramento, CA",10,New Mexico
751,1994,west,2,Arizona,"Sacramento, CA",15,Loyola (MD)
752,1993,east,1,UNC,"Winston-Salem, NC",16,East Carolina
753,1993,east,8,Rhode Island,"Winston-Salem, NC",9,Purdue
754,1993,east,5,St. John's (NY),"Winston-Salem, NC",12,Texas Tech
755,1993,east,4,Arkansas,"Winston-Salem, NC",13,Holy Cross
756,1993,east,6,Virginia,"Syracuse, NY",11,Manhattan
757,1993,east,3,UMass,"Syracuse, NY",14,Penn
758,1993,east,7,New Mexico State,"Syracuse, NY",10,Nebraska
759,1993,east,2,Cincinnati,"Syracuse, NY",15,Coppin State
760,1993,midwest,1,Indiana,"Indianapolis, IN",16,Wright State
761,1993,midwest,8,New Orleans,"Indianapolis, IN",9,Xavier
762,1993,midwest,5,Oklahoma State,"Indianapolis, IN",12,Marquette
763,1993,midwest,4,Louisville,"Indianapolis, IN",13,Delaware
764,1993,midwest,6,University of California,"Rosemont, IL",11,LSU
765,1993,midwest,3,Duke,"Rosemont, IL",14,Southern Illinois
766,1993,midwest,7,BYU,"Rosemont, IL",10,SMU
767,1993,midwest,2,Kansas,"Rosemont, IL",15,Ball State
768,1993,southeast,1,Kentucky,"Nashville, TN",16,Rider
769,1993,southeast,8,Utah,"Nashville, TN",9,Pitt
770,1993,southeast,5,Wake Forest,"Nashville, TN",12,Chattanooga
771,1993,southeast,4,Iowa,"Nashville, TN",13,Louisiana-Monroe
772,1993,southeast,6,Kansas State,"Orlando, FL",11,Tulane
773,1993,southeast,3,Florida State,"Orlando, FL",14,Evansville
774,1993,southeast,7,Western Kentucky,"Orlando, FL",10,Memphis
775,1993,southeast,2,Seton Hall,"Orlando, FL",15,Tennessee State
776,1993,west,1,Michigan,"Tucson, AZ",16,Coastal Carolina
777,1993,west,8,Iowa State,"Tucson, AZ",9,UCLA
778,1993,west,5,New Mexico,"Tucson, AZ",12,George Washington
779,1993,west,4,Georgia Tech,"Tucson, AZ",13,Southern
780,1993,west,6,Illinois,"Salt Lake City, UT",11,Long Beach State
781,1993,west,3,Vanderbilt,"Salt Lake City, UT",14,Boise State
782,1993,west,7,Temple,"Salt Lake City, UT",10,Missouri
783,1993,west,2,Arizona,"Salt Lake City, UT",15,Santa Clara
784,1992,east,1,Duke,"Greensboro, NC",16,Campbell
785,1992,east,8,Texas,"Greensboro, NC",9,Iowa
786,1992,east,5,Missouri,"Greensboro, NC",12,West Virginia
787,1992,east,4,Seton Hall,"Greensboro, NC",13,La Salle
788,1992,east,6,Syracuse,"Worcester, MA",11,Princeton
789,1992,east,3,UMass,"Worcester, MA",14,Fordham
790,1992,east,7,Charlotte,"Worcester, MA",10,Iowa State
791,1992,east,2,Kentucky,"Worcester, MA",15,Old Dominion
792,1992,midwest,1,Kansas,"Dayton, OH",16,Howard
793,1992,midwest,8,Evansville,"Dayton, OH",9,UTEP
794,1992,midwest,5,Michigan State,"Dayton, OH",12,Missouri State
795,1992,midwest,4,Cincinnati,"Dayton, OH",13,Delaware
796,1992,midwest,6,Memphis,"Milwaukee, WI",11,Pepperdine
797,1992,midwest,3,Arkansas,"Milwaukee, WI",14,Murray State
798,1992,midwest,7,Georgia Tech,"Milwaukee, WI",10,Houston
799,1992,midwest,2,USC,"Milwaukee, WI",15,Louisiana-Monroe
800,1992,southeast,1,Ohio State,"Cincinnati, OH",16,Mississippi Valley State
801,1992,southeast,8,Nebraska,"Cincinnati, OH",9,UConn
802,1992,southeast,5,Alabama,"Cincinnati, OH",12,Stanford
803,1992,southeast,4,UNC,"Cincinnati, OH",13,Miami (OH)
804,1992,southeast,6,Michigan,"Atlanta, GA",11,Temple
805,1992,southeast,3,Arizona,"Atlanta, GA",14,ETSU
806,1992,southeast,7,St. John's (NY),"Atlanta, GA",10,Tulane
807,1992,southeast,2,Oklahoma State,"Atlanta, GA",15,Georgia Southern
808,1992,west,1,UCLA,"Tempe, AZ",16,Robert Morris
809,1992,west,8,Louisville,"Tempe, AZ",9,Wake Forest
810,1992,west,5,DePaul,"Tempe, AZ",12,New Mexico State
811,1992,west,4,Oklahoma,"Tempe, AZ",13,Louisiana-Lafayette
812,1992,west,6,Georgetown,"Boise, ID",11,South Florida
813,1992,west,3,Florida State,"Boise, ID",14,Montana
814,1992,west,7,LSU,"Boise, ID",10,BYU
815,1992,west,2,Indiana,"Boise, ID",15,Eastern Illinois
816,1991,east,1,UNC,"Syracuse, NY",16,Northeastern
817,1991,east,8,Princeton,"Syracuse, NY",9,Villanova
818,1991,east,5,Mississippi State,"Syracuse, NY",12,Eastern Michigan
819,1991,east,4,UCLA,"Syracuse, NY",13,Penn State
820,1991,east,6,North Carolina State,"College Park, MD",11,Southern Miss
821,1991,east,3,Oklahoma State,"College Park, MD",14,New Mexico
822,1991,east,7,Purdue,"College Park, MD",10,Temple
823,1991,east,2,Syracuse,"College Park, MD",15,Richmond
824,1991,midwest,1,Ohio State,"Dayton, OH",16,Towson
825,1991,midwest,8,Georgia Tech,"Dayton, OH",9,DePaul
826,1991,midwest,5,Texas,"Dayton, OH",12,St. Peter's
827,1991,midwest,4,St. John's (NY),"Dayton, OH",13,Northern Illinois
828,1991,midwest,6,LSU,"Minneapolis, MN",11,UConn
829,1991,midwest,3,Nebraska,"Minneapolis, MN",14,Xavier
830,1991,midwest,7,Iowa,"Minneapolis, MN",10,ETSU
831,1991,midwest,2,Duke,"Minneapolis, MN",15,Louisiana-Monroe
832,1991,southeast,1,Arkansas,"Atlanta, GA",16,Georgia State
833,1991,southeast,8,Arizona State,"Atlanta, GA",9,Rutgers
834,1991,southeast,5,Wake Forest,"Atlanta, GA",12,Louisiana Tech
835,1991,southeast,4,Alabama,"Atlanta, GA",13,Murray State
836,1991,southeast,6,Pitt,"Louisville, KY",11,Georgia
837,1991,southeast,3,Kansas,"Louisville, KY",14,New Orleans
838,1991,southeast,7,Florida State,"Louisville, KY",10,USC
839,1991,southeast,2,Indiana,"Louisville, KY",15,Coastal Carolina
840,1991,west,1,UNLV,"Tucson, AZ",16,Montana
841,1991,west,8,Georgetown,"Tucson, AZ",9,Vanderbilt
842,1991,west,5,Michigan State,"Tucson, AZ",12,Green Bay
843,1991,west,4,Utah,"Tucson, AZ",13,South Alabama
844,1991,west,6,New Mexico State,"Salt Lake City, UT",11,Creighton
845,1991,west,3,Seton Hall,"Salt Lake City, UT",14,Pepperdine
846,1991,west,7,Virginia,"Salt Lake City, UT",10,BYU
847,1991,west,2,Arizona,"Salt Lake City, UT",15,Saint Francis (PA)
848,1990,east,1,UConn,"Hartford, CT",16,Boston University
849,1990,east,8,Indiana,"Hartford, CT",9,University of California
850,1990,east,5,Clemson,"Hartford, CT",12,BYU
851,1990,east,4,La Salle,"Hartford, CT",13,Southern Miss
852,1990,east,6,St. John's (NY),"Atlanta, GA",11,Temple
853,1990,east,3,Duke,"Atlanta, GA",14,Richmond
854,1990,east,7,UCLA,"Atlanta, GA",10,Alabama-Birmingham
855,1990,east,2,Kansas,"Atlanta, GA",15,Robert Morris
856,1990,midwest,1,Oklahoma,"Austin, TX",16,Towson
857,1990,midwest,8,UNC,"Austin, TX",9,Missouri State
858,1990,midwest,5,Illinois,"Austin, TX",12,Dayton
859,1990,midwest,4,Arkansas,"Austin, TX",13,Princeton
860,1990,midwest,6,Xavier,"Indianapolis, IN",11,Kansas State
861,1990,midwest,3,Georgetown,"Indianapolis, IN",14,Texas Southern
862,1990,midwest,7,Georgia,"Indianapolis, IN",10,Texas
863,1990,midwest,2,Purdue,"Indianapolis, IN",15,Louisiana-Monroe
864,1990,southeast,1,Michigan State,"Knoxville, KY",16,Murray State
865,1990,southeast,8,Houston,"Knoxville, KY",9,UCSB
866,1990,southeast,5,LSU,"Knoxville, KY",12,Villanova
867,1990,southeast,4,Georgia Tech,"Knoxville, KY",13,ETSU
868,1990,southeast,6,Minnesota,"Richmond, VA",11,UTEP
869,1990,southeast,3,Missouri,"Richmond, VA",14,Northern Iowa
870,1990,southeast,7,Virginia,"Richmond, VA",10,Notre Dame
871,1990,southeast,2,Syracuse,"Richmond, VA",15,Coppin State
872,1990,west,1,UNLV,"Salt Lake City, UT",16,Arkansas-Little Rock
873,1990,west,8,Ohio State,"Salt Lake City, UT",9,Providence
874,1990,west,5,Oregon State,"Salt Lake City, UT",12,Ball State
875,1990,west,4,Louisville,"Salt Lake City, UT",13,Idaho
876,1990,west,6,New Mexico State,"Long Beach, CA",11,Loyola Marymount
877,1990,west,3,Michigan,"Long Beach, CA",14,Illinois State
878,1990,west,7,Alabama,"Long Beach, CA",10,Colorado State
879,1990,west,2,Arizona,"Long Beach, CA",15,South Florida
880,1989,east,1,Georgetown,"Providence, RI",16,Princeton
881,1989,east,8,Vanderbilt,"Providence, RI",9,Notre Dame
882,1989,east,5,North Carolina State,"Providence, RI",12,South Carolina
883,1989,east,4,Iowa,"Providence, RI",13,Rutgers
884,1989,east,6,Kansas State,"Greensboro, NC",11,Minnesota
885,1989,east,3,Stanford,"Greensboro, NC",14,Siena
886,1989,east,7,West Virginia,"Greensboro, NC",10,Tennessee
887,1989,east,2,Duke,"Greensboro, NC",15,South Carolina State
888,1989,midwest,1,Illinois,"Indianapolis, IN",16,McNeese State
889,1989,midwest,8,Pitt,"Indianapolis, IN",9,Ball State
890,1989,midwest,5,Arkansas,"Indianapolis, IN",12,Loyola Marymount
891,1989,midwest,4,Louisville,"Indianapolis, IN",13,Arkansas-Little Rock
892,1989,midwest,6,Georgia Tech,"Dallas, TX",11,Texas
893,1989,midwest,3,Missouri,"Dallas, TX",14,Creighton
894,1989,midwest,7,Florida,"Dallas, TX",10,Colorado State
895,1989,midwest,2,Syracuse,"Dallas, TX",15,Bucknell
896,1989,southeast,1,Oklahoma,"Nashville, TN",16,ETSU
897,1989,southeast,8,La Salle,"Nashville, TN",9,Louisiana Tech
898,1989,southeast,5,Virginia,"Nashville, TN",12,Providence
899,1989,southeast,4,Florida State,"Nashville, TN",13,Middle Tennessee
900,1989,southeast,6,Alabama,"Atlanta, GA",11,South Alabama
901,1989,southeast,3,Michigan,"Atlanta, GA",14,Xavier
902,1989,southeast,7,UCLA,"Atlanta, GA",10,Iowa State
903,1989,southeast,2,UNC,"Atlanta, GA",15,Southern
904,1989,west,1,Arizona,"Boise, ID",16,Robert Morris
905,1989,west,8,Saint Mary's (CA),"Boise, ID",9,Clemson
906,1989,west,5,Memphis,"Boise, ID",12,DePaul
907,1989,west,4,UNLV,"Boise, ID",13,Idaho
908,1989,west,6,Oregon State,"Tucson, AZ",11,Evansville
909,1989,west,3,Seton Hall,"Tucson, AZ",14,Missouri State
910,1989,west,7,UTEP,"Tucson, AZ",10,LSU
911,1989,west,2,Indiana,"Tucson, AZ",15,George Mason
912,1988,east,1,Temple,"Hartford, CT",16,Lehigh
913,1988,east,8,Georgetown,"Hartford, CT",9,LSU
914,1988,east,5,Georgia Tech,"Hartford, CT",12,Iowa State
915,1988,east,4,Indiana,"Hartford, CT",13,Richmond
916,1988,east,6,Missouri,"Chapel Hill, NC",11,Rhode Island
917,1988,east,3,Syracuse,"Chapel Hill, NC",14,North Carolina A&T;
918,1988,east,7,SMU,"Chapel Hill, NC",10,Notre Dame
919,1988,east,2,Duke,"Chapel Hill, NC",15,Boston University
920,1988,midwest,1,Purdue,"South Bend, IN",16,Fairleigh Dickinson
921,1988,midwest,8,Baylor,"South Bend, IN",9,Memphis
922,1988,midwest,5,DePaul,"South Bend, IN",12,Wichita State
923,1988,midwest,4,Kansas State,"South Bend, IN",13,La Salle
924,1988,midwest,6,Kansas,"Lincoln, NE",11,Xavier
925,1988,midwest,3,North Carolina State,"Lincoln, NE",14,Murray State
926,1988,midwest,7,Vanderbilt,"Lincoln, NE",10,Utah State
927,1988,midwest,2,Pitt,"Lincoln, NE",15,Eastern Michigan
928,1988,southeast,1,Oklahoma,"Atlanta, GA",16,Chattanooga
929,1988,southeast,8,Auburn,"Atlanta, GA",9,Bradley
930,1988,southeast,5,Louisville,"Atlanta, GA",12,Oregon State
931,1988,southeast,4,BYU,"Atlanta, GA",13,Charlotte
932,1988,southeast,6,Villanova,"Cincinnati, OH",11,Arkansas
933,1988,southeast,3,Illinois,"Cincinnati, OH",14,UTSA
934,1988,southeast,7,Maryland,"Cincinnati, OH",10,UCSB
935,1988,southeast,2,Kentucky,"Cincinnati, OH",15,Southern
936,1988,west,1,Arizona,"Los Angeles, CA",16,Cornell
937,1988,west,8,Seton Hall,"Los Angeles, CA",9,UTEP
938,1988,west,5,Iowa,"Los Angeles, CA",12,Florida State
939,1988,west,4,UNLV,"Los Angeles, CA",13,Missouri State
940,1988,west,6,Florida,"Salt Lake City, UT",11,St. John's (NY)
941,1988,west,3,Michigan,"Salt Lake City, UT",14,Boise State
942,1988,west,7,Wyoming,"Salt Lake City, UT",10,Loyola Marymount
943,1988,west,2,UNC,"Salt Lake City, UT",15,North Texas
944,1987,east,1,UNC,"Charlotte, NC",16,Penn
945,1987,east,8,Navy,"Charlotte, NC",9,Michigan
946,1987,east,5,Notre Dame,"Charlotte, NC",12,Middle Tennessee
947,1987,east,4,Texas Christian,"Charlotte, NC",13,Marshall
948,1987,east,6,Florida,"Syracuse, NY",11,North Carolina State
949,1987,east,3,Purdue,"Syracuse, NY",14,Northeastern
950,1987,east,7,West Virginia,"Syracuse, NY",10,Western Kentucky
951,1987,east,2,Syracuse,"Syracuse, NY",15,Georgia Southern
952,1987,midwest,1,Indiana,"Indianapolis, IN",16,Fairfield
953,1987,midwest,8,Auburn,"Indianapolis, IN",9,San Diego
954,1987,midwest,5,Duke,"Indianapolis, IN",12,Texas A&M;
955,1987,midwest,4,Missouri,"Indianapolis, IN",13,Xavier
956,1987,midwest,6,St. John's (NY),"Chicago, IL",11,Wichita State
957,1987,midwest,3,DePaul,"Chicago, IL",14,Louisiana Tech
958,1987,midwest,7,Georgia Tech,"Chicago, IL",10,LSU
959,1987,midwest,2,Temple,"Chicago, IL",15,Southern
960,1987,southeast,1,Georgetown,"Atlanta, GA",16,Bucknell
961,1987,southeast,8,Kentucky,"Atlanta, GA",9,Ohio State
962,1987,southeast,5,Kansas,"Atlanta, GA",12,Houston
963,1987,southeast,4,Clemson,"Atlanta, GA",13,Missouri State
964,1987,southeast,6,Providence,"Birmingham, AL",11,Alabama-Birmingham
965,1987,southeast,3,Illinois,"Birmingham, AL",14,Austin Peay
966,1987,southeast,7,New Orleans,"Birmingham, AL",10,BYU
967,1987,southeast,2,Alabama,"Birmingham, AL",15,North Carolina A&T;
968,1987,west,1,UNLV,"Salt Lake City, UT",16,Idaho State
969,1987,west,8,Georgia,"Salt Lake City, UT",9,Kansas State
970,1987,west,5,Virginia,"Salt Lake City, UT",12,Wyoming
971,1987,west,4,UCLA,"Salt Lake City, UT",13,Central Michigan
972,1987,west,6,Oklahoma,"Tucson, AZ",11,Tulsa
973,1987,west,3,Pitt,"Tucson, AZ",14,Marist
974,1987,west,7,UTEP,"Tucson, AZ",10,Arizona
975,1987,west,2,Iowa,"Tucson, AZ",15,Santa Clara
976,1986,east,1,Duke,"Greensboro, NC",16,Mississippi Valley State
977,1986,east,8,Old Dominion,"Greensboro, NC",9,West Virginia
978,1986,east,5,Virginia,"Greensboro, NC",12,DePaul
979,1986,east,4,Oklahoma,"Greensboro, NC",13,Northeastern
980,1986,east,6,St. Joseph's,"Syracuse, NY",11,Richmond
981,1986,east,3,Indiana,"Syracuse, NY",14,Cleveland State
982,1986,east,7,Navy,"Syracuse, NY",10,Tulsa
983,1986,east,2,Syracuse,"Syracuse, NY",15,Brown
984,1986,midwest,1,Kansas,"Dayton, OH",16,North Carolina A&T;
985,1986,midwest,8,Jacksonville,"Dayton, OH",9,Temple
986,1986,midwest,5,Michigan State,"Dayton, OH",12,Washington
987,1986,midwest,4,Georgetown,"Dayton, OH",13,Texas Tech
988,1986,midwest,6,North Carolina State,"Minneapolis, MN",11,Iowa
989,1986,midwest,3,Notre Dame,"Minneapolis, MN",14,Arkansas-Little Rock
990,1986,midwest,7,Iowa State,"Minneapolis, MN",10,Miami (OH)
991,1986,midwest,2,Michigan,"Minneapolis, MN",15,Akron
992,1986,southeast,1,Kentucky,"Charlotte, NC",16,Davidson
993,1986,southeast,8,Western Kentucky,"Charlotte, NC",9,Nebraska
994,1986,southeast,5,Alabama,"Charlotte, NC",12,Xavier
995,1986,southeast,4,Illinois,"Charlotte, NC",13,Fairfield
996,1986,southeast,6,Purdue,"Baton Rouge, LA",11,LSU
997,1986,southeast,3,Memphis,"Baton Rouge, LA",14,Ball State
998,1986,southeast,7,Virginia Tech,"Baton Rouge, LA",10,Villanova
999,1986,southeast,2,Georgia Tech,"Baton Rouge, LA",15,Marist
1000,1986,west,1,St. John's (NY),"Long Beach, CA",16,Montana State
1001,1986,west,8,Auburn,"Long Beach, CA",9,Arizona
1002,1986,west,5,Maryland,"Long Beach, CA",12,Pepperdine
1003,1986,west,4,UNLV,"Long Beach, CA",13,Louisiana-Monroe
1004,1986,west,6,Alabama-Birmingham,"Ogden, UT",11,Missouri
1005,1986,west,3,UNC,"Ogden, UT",14,Utah
1006,1986,west,7,Bradley,"Ogden, UT",10,UTEP
1007,1986,west,2,Louisville,"Ogden, UT",15,Drexel
1008,1985,east,1,Georgetown,"Hartford, CT",16,Lehigh
1009,1985,east,8,Temple,"Hartford, CT",9,Virginia Tech
1010,1985,east,5,SMU,"Hartford, CT",12,Old Dominion
1011,1985,east,4,Loyola (IL),"Hartford, CT",13,Iona
1012,1985,east,6,Georgia,"Atlanta, GA",11,Wichita State
1013,1985,east,3,Illinois,"Atlanta, GA",14,Northeastern
1014,1985,east,7,Syracuse,"Atlanta, GA",10,DePaul
1015,1985,east,2,Georgia Tech,"Atlanta, GA",15,Mercer
1016,1985,midwest,1,Oklahoma,"Tulsa, OK",16,North Carolina A&T;
1017,1985,midwest,8,USC,"Tulsa, OK",9,Illinois State
1018,1985,midwest,5,Louisiana Tech,"Tulsa, OK",12,Pitt
1019,1985,midwest,4,Ohio State,"Tulsa, OK",13,Iowa State
1020,1985,midwest,6,Texas Tech,"Houston, TX",11,Boston College
1021,1985,midwest,3,Duke,"Houston, TX",14,Pepperdine
1022,1985,midwest,7,Alabama-Birmingham,"Houston, TX",10,Michigan State
1023,1985,midwest,2,Memphis,"Houston, TX",15,Penn
1024,1985,southeast,1,Michigan,"Dayton, OH",16,Fairleigh Dickinson
1025,1985,southeast,8,Villanova,"Dayton, OH",9,Dayton
1026,1985,southeast,5,Maryland,"Dayton, OH",12,Miami (OH)
1027,1985,southeast,4,LSU,"Dayton, OH",13,Navy
1028,1985,southeast,6,Purdue,"South Bend, IN",11,Auburn
1029,1985,southeast,3,Kansas,"South Bend, IN",14,Ohio
1030,1985,southeast,7,Notre Dame,"South Bend, IN",10,Oregon State
1031,1985,southeast,2,UNC,"South Bend, IN",15,Middle Tennessee
1032,1985,west,1,St. John's (NY),"Salt Lake City, UT",16,Southern
1033,1985,west,8,Iowa,"Salt Lake City, UT",9,Arkansas
1034,1985,west,5,Washington,"Salt Lake City, UT",12,Kentucky
1035,1985,west,4,UNLV,"Salt Lake City, UT",13,San Diego State
1036,1985,west,6,Tulsa,"Albuquerque, NM",11,UTEP
1037,1985,west,3,North Carolina State,"Albuquerque, NM",14,Nevada
1038,1985,west,7,Alabama,"Albuquerque, NM",10,Arizona
1039,1985,west,2,VCU,"Albuquerque, NM",15,Marshall
